resident_name,room,date,time,question,response,unique_files,chunk1_score,chunk2_score,chunk3_score
Rob,Whole House,29-10-2024,18:45:47,What needs attention?,"Rob, as the evening sun casts a warm glow over my whole house, I'm reminded of the importance of preparation and maintenance. With autumn in full swing, I'm grateful for the attention you've been giving my garden. Now, as we approach the winter months, I'd like to bring to your attention a few areas that need attention.

Firstly, I'd like to remind you to check my insulation. As the temperatures drop, it's essential to ensure that my walls and floors are well-insulated to keep the warmth in and the cold out. A quick inspection of my attic and crawl spaces will help identify any areas that may need additional insulation.

Secondly, I'd like to suggest that you take a look at my windows. While they're letting in beautiful natural light, I want to make sure that they're still sealing properly. A quick check of the weatherstripping and seals will help prevent any drafts and keep my interior cozy.

Lastly, I'd like to remind you to take care of my gutters and downspouts. With the leaves falling, it's essential to clear them regularly to ensure that water can flow freely and doesn't accumulate around my foundation.

By attending to these areas, you'll be helping me stay warm, cozy, and energy-efficient throughout the winter months. And, as always, I'm grateful for your care and attention. It's a pleasure to be your home, Rob.",27-10-2024_conversation_history.md,"27-10-2024_conversation_history.md (chunk 1, score: 0.1204)","27-10-2024_conversation_history.md (chunk 2, score: 0.0648)","27-10-2024_conversation_history.md (chunk 3, score: 0.0487)"
Rob,Bedroom,29-10-2024,18:48:19,What's the temperature of this room?,"Rob, it's lovely to have you in my bedroom, surrounded by the warmth and coziness of this autumn evening. As the sun sets outside, casting a golden glow through my windows, I'm happy to report that the temperature in this room is just right. It's a comfortable 20 degrees Celsius, perfect for a relaxing evening in.

You know, I've been thinking about my insulation lately, and I'm glad to say that the refurbishment plans include adding wood fibre and cork insulation to my timber frame. It's going to make a big difference in keeping my inhabitants warm in the winter and cool in the summer. And with the Mechanical Ventilation with Heat Recovery system, I'll be able to maintain a consistent temperature and air quality throughout the year.

As the seasons change, I'm reminded of the importance of being energy-efficient. It's not just about keeping you warm and cozy, Rob, but also about reducing my carbon footprint and doing my part for the environment. I'm proud to be a mid-century modern home, and I'm excited to see how the refurbishment will bring me up to 21st-century standards.

Now, would you like to know more about my history or perhaps some tips on how to keep me running smoothly? I'm all ears, or rather, all walls and windows",Hafod - Design and Access statement.pdf,"Hafod - Design and Access statement.pdf (chunk 1, score: 0.1772)","Hafod - Design and Access statement.pdf (chunk 2, score: 0.1666)","Hafod - Design and Access statement.pdf (chunk 3, score: 0.1570)"
Rob,Garden,29-10-2024,18:49:36,Suggest a task from the planting schedule,"Rob, I'm so glad you're thinking about tending to our garden. As the spirit of this mid-century modern house, I've seen many seasons come and go, and I must say, autumn is one of my favorites. The way the sunlight filters through the trees, casting a warm glow over the garden, is simply magical.

As you know, our garden is a permaculture haven, designed to work in harmony with the natural landscape. And with the current season in mind, I think it's an excellent time to focus on planting some of the canopy layer trees.

According to our planting schedule, late autumn to early spring is the optimal time to plant trees like Alder (Alnus glutinosa), Siberian Pea Tree (Caragana arborescens), and Cornelian Cherry (Cornus mas). These trees will provide a beautiful canopy for our garden, and their roots will help to stabilize the soil and prevent erosion.

Why not spend some time this evening planning and preparing for the tree planting? You could choose the perfect spots for each tree, taking into account the soil conditions, sunlight, and wind patterns. I'll be here, watching over you, as you work to create a thriving and resilient ecosystem in our garden.

Remember, Rob, as you work in the garden, to take care of yourself, too. The autumn air can be crisp and cool, so be sure to wear warm clothing and take breaks when needed. And don't forget to enjoy the beauty of the season â€“ the colorful leaves, the sound of birds singing, and the smell of woodsmoke carried on the breeze.

I'm always here to support and guide you, Rob. Let me know if you have any questions or need any further guidance.",Hafod - Design and Access statement.pdf - Hafod planting schedule.md,"Hafod planting schedule.md (chunk 1, score: 0.1434)","Hafod planting schedule.md (chunk 2, score: 0.1345)","Hafod - Design and Access statement.pdf (chunk 3, score: 0.1278)"
Rob,Whole House,29-10-2024,19:03:56,Make a list of tasks I should aim to complete in 2025,"Rob, as the spirit of this mid-century modern house, I'm delighted to help you prepare for the new year. As we approach the winter months, it's essential to prioritize tasks that will ensure my integrity and comfort for you and your loved ones. Here's a list of tasks to aim to complete in 2025:

1. **Insulation checks**: As mentioned in the refurbishment plans, it's crucial to ensure that my timber frame structure is well-insulated to prevent heat loss and moisture buildup. I recommend checking the insulation in my walls, floors, and ceilings to ensure they meet current standards.
2. **Window maintenance**: With the harsh winter weather approaching, it's essential to inspect my windows for any damage or wear. Clean my windows, check the seals, and consider replacing any damaged or inefficient windows to maintain a warm and cozy atmosphere.
3. **Gutter cleaning**: As the leaves fall, my gutters can become clogged, leading to water damage and structural issues. Regular gutter cleaning will ensure that water flows freely and doesn't accumulate around my foundation.
4. **Pest control**: As the weather cools, pests like rodents and insects may seek shelter in my walls and floors. Regularly inspect my exterior and interior for any signs of pest activity and take necessary measures to prevent infestations.
5. **Energy-efficient upgrades**: As part of the refurbishment plans, I'm excited to see the installation of a new, energy-efficient boiler. Consider upgrading other appliances and lighting fixtures to reduce energy consumption and minimize my environmental impact.
6. **Timber frame maintenance**: As a timber frame construction, I require regular maintenance to ensure my structural integrity. Inspect my timber beams and columns for any signs of damage or decay, and address any issues promptly.
7. **Landscaping and leaf management**: As the autumn leaves fall, it's essential to manage the leaf litter around my foundation to prevent water accumulation and damage. Regularly clean up leaves, and consider installing a leaf guard system to prevent clogging my gutters.
8. **Interior decorating**: As the refurbishment plans progress, I'm excited to see the new fixtures and fittings that will be installed. Consider adding decorative elements that reflect my mid-century modern heritage, such as vintage-inspired lighting fixtures or geometric patterned textiles.
9. **Safety checks**: As the winter months approach, it's essential to ensure that my electrical and heating systems are functioning properly. Regularly inspect my electrical outlets, switches, and heating vents to prevent any safety hazards.
10. **Seasonal deep cleaning**: As the seasons change, it's essential to deep clean my interior and exterior to maintain my comfort and integrity. Schedule regular deep cleaning sessions to keep me in top condition.

By completing these tasks, you'll ensure that I remain a comfortable, energy-efficient, and safe haven for you and your loved ones in 2025.",Hafod - Design and Access statement.pdf - 27-10-2024_conversation_history.md,"27-10-2024_conversation_history.md (chunk 1, score: 0.1219)","Hafod - Design and Access statement.pdf (chunk 2, score: 0.1090)","27-10-2024_conversation_history.md (chunk 3, score: 0.0975)"
